CTR,Placement Type,Package Name,Impressions (Net),Placement End Date,Advertiser Name,Clicks (Net),Placement ID,Total Media Cost,Campaign ID,Site Name,Campaign Start Date,Ad Duration,Video Fully Played,Placement Start Date,Average Video Percentage Complete (%),Ad Name,Video Played 25%,Impressions (Gross),Campaign Type,Advertiser ID,Section Name,Video Played 75%,Brand Name,Click Through (URL),Video Played 50%,Ad Format Name,Campaign End Date,Cost per Unit,Placement Name,Video Started,Cost Model,Video Average Duration (Sec),Day,Campaign Name,Date,Country_code,Campaign Label,Agency,Year,Market,Client,Brand_portfolio,Temporality,Initiative,Adserver,Consumption occasions,Platform,New Ad Format,unified_brand,Platform Cost,New Buying Type,Brand,Temp Campaign Name,date_copy,date_month,mplan_agency,adverity_client_id,adverity_client_name
0.00%,Tracking,Xaxis_ROS_Native Ad_CPM_Several_Special K_Display / Instagram _Octubre,0,10/31/2020 12:00:00 AM,Kellogg´s,0,1075823035,0.0,1074061349,Xaxis LATAM,10/5/2020 12:00:00 AM,0,0,10/5/2020 12:00:00 AM,0.00%,Xaxis_ROS_Native Ad_0x0_CPM_Several_Impressions_Display_Special K_Display / Instagram _Octubre_1081452233,0,0,Display,194976,ROS,0,Special K,https://www.specialk.com.mx/mx/?utm_source=Social&utm_medium=Instagram&utm_campaign=SPECIALK_ORIGINAL&utm_term=IG_POST&utm_content=imagen,0,Tracking Pixel,10/31/2020 12:00:00 AM,150,Xaxis_ROS_Native Ad_0x0_CPM_Several_Impressions_Display_Special K_Display / Instagram _Octubre,0,CPM,0.00,1/14/2021 12:00:00 AM,MCMMX_2020_MEX_KELLOGGS_SPECIALK_SEASONAL_ORIGINAL_SIZMEK_BREAKFASTFORONE_CPM-XAXISSOCIALNATIVE,2021-01-14,MX,MCMMX_2020_MEX_Kelloggs_Special K_Seasonal_Original_Sizmek_Breakfast for One_CPM-Xaxis Social Native_Octubre,MCMMX,2020,MEX,Kelloggs,Special K,Seasonal,Original,Sizmek,Breakfast for One,CPM-Xaxis Social Native,,specialk,0.0,CPM,Special K,MCMMX_2020_MEX_KELLOGGS_SPECIALK_SEASONAL_ORIGINAL_SIZMEK_BREAKFASTFORONE_CPM-XAXISSOCIALNATIVE,2021-01-14,1,Mediacom,3,ktboClient
0.00%,In Banner,Xaxis_ROS_Standard Banner_CPM_Several_Corporate Promotion_Retargetin_Noviembre,0,12/31/2020 12:00:00 AM,Kellogg´s,0,1076006220,0.0,1074096045,Xaxis LATAM,11/20/2020 12:00:00 AM,0,0,11/20/2020 12:00:00 AM,0.00%,240920_MB_PERSONAJES_XAXIS-STANDARD_728x90_NOVIEMBRE_V2,0,0,Display,194976,0,0,Corporate,https://wa.link/lbj4gl?utm_source=Display&utm_medium=Xaxis&utm_campaign=PERSONAJES_WALTMART&utm_term=XAXIS_WHATSAPP1&utm_content=banner,0,Standard Banner,12/31/2020 12:00:00 AM,60,Xaxis_ROS_Standard Banner_728x90_CPM_Several_Impressions_Display_Corporate Promotion_Retargetin_Entra aquí_Noviembre,0,CPM,0.00,1/14/2021 12:00:00 AM,MCMMX_2020_MEX_KELLOGGS_CORPORATEPROMOTIONS_SEASONAL_GANAPREMIOS_SIZMEK_FAMILYBREAKFAST_CPM-XAXIS-STANDARDBANNERS,2021-01-14,MX,MCMMX_2020_MEX_Kelloggs_Corporate Promotions_Seasonal_Gana Premios_Sizmek_Family Breakfast_CPM-Xaxis - Standard Banners_Noviembre y Diciembre,MCMMX,2020,MEX,Kelloggs,Corporate Promotions,Seasonal,Gana Premios,Sizmek,Family Breakfast,CPM-Xaxis - Standard Banners,,corporatepromotions,0.0,CPM,Corporate Promotions,MCMMX_2020_MEX_KELLOGGS_CORPORATEPROMOTIONS_SEASONAL_GANAPREMIOS_SIZMEK_FAMILYBREAKFAST_CPM-XAXIS-STANDARDBANNERS,2021-01-14,1,Mediacom,3,ktboClient
0.00%,In Banner,Xaxis_ROS_Standard Banner_CPM_Several_Corporate Promotion_Intereses CTA_Noviembre,0,12/31/2020 12:00:00 AM,Kellogg´s,0,1076006221,0.0,1074096045,Xaxis LATAM,11/20/2020 12:00:00 AM,0,0,11/20/2020 12:00:00 AM,0.00%,CC_300X250_V2_DICIEMBRE,0,0,Display,194976,0,0,Corporate,https://wa.link/lbj4gl?utm_source=Display&utm_medium=Xaxis&utm_campaign=PERSONAJES_WALTMART&utm_term=XAXIS_WHATSAPP5&utm_content=banner,0,Standard Banner,12/31/2020 12:00:00 AM,60,Xaxis_ROS_Standard Banner_300x250_CPM_Several_Impressions_Display_Corporate Promotion_Intereses CTA_Noviembre,0,CPM,0.00,1/14/2021 12:00:00 AM,MCMMX_2020_MEX_KELLOGGS_CORPORATEPROMOTIONS_SEASONAL_GANAPREMIOS_SIZMEK_FAMILYBREAKFAST_CPM-XAXIS-STANDARDBANNERS,2021-01-14,MX,MCMMX_2020_MEX_Kelloggs_Corporate Promotions_Seasonal_Gana Premios_Sizmek_Family Breakfast_CPM-Xaxis - Standard Banners_Noviembre y Diciembre,MCMMX,2020,MEX,Kelloggs,Corporate Promotions,Seasonal,Gana Premios,Sizmek,Family Breakfast,CPM-Xaxis - Standard Banners,,corporatepromotions,0.0,CPM,Corporate Promotions,MCMMX_2020_MEX_KELLOGGS_CORPORATEPROMOTIONS_SEASONAL_GANAPREMIOS_SIZMEK_FAMILYBREAKFAST_CPM-XAXIS-STANDARDBANNERS,2021-01-14,1,Mediacom,3,ktboClient
0.00%,In Banner,Xaxis_ROS_Standard Banner_CPM_Several_Corporate Promotion_Intereses CTA_Noviembre,2,12/31/2020 12:00:00 AM,Kellogg´s,0,1076006222,0.12,1074096045,Xaxis LATAM,11/20/2020 12:00:00 AM,0,0,11/20/2020 12:00:00 AM,0.00%,240920_MB_PERSONAJES_XAXIS-STANDARD_300x600_NOVIEMBRE V2,0,2,Display,194976,0,0,Corporate,https://wa.link/lbj4gl?utm_source=Display&utm_medium=Xaxis&utm_campaign=PERSONAJES_WALTMART&utm_term=XAXIS_WHATSAPP6&utm_content=banner,0,Standard Banner,12/31/2020 12:00:00 AM,60,Xaxis_ROS_Standard Banner_300x600_CPM_Several_Impressions_Display_Corporate Promotion_Intereses CTA_Entra aquí_Noviembre,0,CPM,0.00,1/14/2021 12:00:00 AM,MCMMX_2020_MEX_KELLOGGS_CORPORATEPROMOTIONS_SEASONAL_GANAPREMIOS_SIZMEK_FAMILYBREAKFAST_CPM-XAXIS-STANDARDBANNERS,2021-01-14,MX,MCMMX_2020_MEX_Kelloggs_Corporate Promotions_Seasonal_Gana Premios_Sizmek_Family Breakfast_CPM-Xaxis - Standard Banners_Noviembre y Diciembre,MCMMX,2020,MEX,Kelloggs,Corporate Promotions,Seasonal,Gana Premios,Sizmek,Family Breakfast,CPM-Xaxis - Standard Banners,,corporatepromotions,0.006,CPM,Corporate Promotions,MCMMX_2020_MEX_KELLOGGS_CORPORATEPROMOTIONS_SEASONAL_GANAPREMIOS_SIZMEK_FAMILYBREAKFAST_CPM-XAXIS-STANDARDBANNERS,2021-01-14,1,Mediacom,3,ktboClient
0.00%,In Banner,Xaxis_ROS_Standard Banner_CPM_Several_Corporate Promotion_Intereses CTA_Noviembre,3,12/31/2020 12:00:00 AM,Kellogg´s,0,1076006224,0.18,1074096045,Xaxis LATAM,11/20/2020 12:00:00 AM,0,0,11/20/2020 12:00:00 AM,0.00%,240920_MB_PERSONAJES_XAXIS_300x600_NOVIEMBRE V2,0,3,Display,194976,0,0,Corporate,https://super.walmart.com.mx/browse/mundo-kelloggs/premios?utm_source=jbm_kellogg&utm_medium=display&utm_campaign=jbm_kellogg_rev_corporate_promo_sabado1130&utm_content=video&utm_term=xaxis_banner_facebook,0,Standard Banner,12/31/2020 12:00:00 AM,60,Xaxis_ROS_Standard Banner_300x600_CPM_Several_Impressions_Display_Corporate Promotion_Intereses CTA_Premios_Noviembre,0,CPM,0.00,1/14/2021 12:00:00 AM,MCMMX_2020_MEX_KELLOGGS_CORPORATEPROMOTIONS_SEASONAL_GANAPREMIOS_SIZMEK_FAMILYBREAKFAST_CPM-XAXIS-STANDARDBANNERS,2021-01-14,MX,MCMMX_2020_MEX_Kelloggs_Corporate Promotions_Seasonal_Gana Premios_Sizmek_Family Breakfast_CPM-Xaxis - Standard Banners_Noviembre y Diciembre,MCMMX,2020,MEX,Kelloggs,Corporate Promotions,Seasonal,Gana Premios,Sizmek,Family Breakfast,CPM-Xaxis - Standard Banners,,corporatepromotions,0.009,CPM,Corporate Promotions,MCMMX_2020_MEX_KELLOGGS_CORPORATEPROMOTIONS_SEASONAL_GANAPREMIOS_SIZMEK_FAMILYBREAKFAST_CPM-XAXIS-STANDARDBANNERS,2021-01-14,1,Mediacom,3,ktboClient
0.00%,In Banner,Xaxis_ROS_Standard Banner_CPM_Several_Pop Tarts_Ugly Sweaters_Noviembre_AWARE,3,12/31/2020 12:00:00 AM,Kellogg´s,0,1076024666,0.18,1074098911,Xaxis LATAM,12/1/2020 12:00:00 AM,0,0,12/1/2020 12:00:00 AM,0.00%,AWA_Pop-Tarts_Ugly-Xmas_Banner-01_728x90,0,3,Display,194976,ROS,0,Pop Tarts,https://www.navidadconpoptarts.com/?utm_source=Display&utm_medium=Xaxis&utm_campaign=POPTARTS_XMAS&utm_term=DISPLAY_MAMAS&utm_content=banner,0,Standard Banner,12/31/2020 12:00:00 AM,60,Xaxis_ROS_Standard Banner_728x90_CPM_Several_Impressions_Display_Pop Tarts_Noviembre_Ugly Xmas_Aware,0,CPM,0.00,1/14/2021 12:00:00 AM,MCMMX_2020_MEX_KELLOGGS_POPTARTS_SEASONAL_UGLYSWEATER_SIZMEK_MID-MORNINGSNACK_CPM-XAXIS-STANDARDBANNERS,2021-01-14,MX,MCMMX_2020_MEX_Kelloggs_Pop Tarts_Seasonal_Ugly Sweater_Sizmek_Mid-Morning Snack_CPM-Xaxis - Standard Banners_Diciembre,MCMMX,2020,MEX,Kelloggs,Pop Tarts,Seasonal,Ugly Sweater,Sizmek,Mid-Morning Snack,CPM-Xaxis - Standard Banners,,poptarts,0.009,CPM,Pop Tarts,MCMMX_2020_MEX_KELLOGGS_POPTARTS_SEASONAL_UGLYSWEATER_SIZMEK_MID-MORNINGSNACK_CPM-XAXIS-STANDARDBANNERS,2021-01-14,1,Mediacom,3,ktboClient
0.00%,In Banner,Xaxis_ROS_Standard Banner_CPM_Several_Pop Tarts_Ugly Sweaters_Noviembre_AWARE,3,12/31/2020 12:00:00 AM,Kellogg´s,0,1076024667,0.18,1074098911,Xaxis LATAM,12/1/2020 12:00:00 AM,0,0,12/1/2020 12:00:00 AM,0.00%,AWA_Pop-Tarts_Ugly-Xmas_Banner-02_300x250,0,3,Display,194976,ROS,0,Pop Tarts,https://www.navidadconpoptarts.com/?utm_source=Display&utm_medium=Xaxis&utm_campaign=POPTARTS_XMAS&utm_term=DISPLAY_MAMAS&utm_content=banner,0,Standard Banner,12/31/2020 12:00:00 AM,60,Xaxis_ROS_Standard Banner_300x250_CPM_Several_Impressions_Display_Pop Tarts_Noviembre_Ugly Xmas_Aware,0,CPM,0.00,1/14/2021 12:00:00 AM,MCMMX_2020_MEX_KELLOGGS_POPTARTS_SEASONAL_UGLYSWEATER_SIZMEK_MID-MORNINGSNACK_CPM-XAXIS-STANDARDBANNERS,2021-01-14,MX,MCMMX_2020_MEX_Kelloggs_Pop Tarts_Seasonal_Ugly Sweater_Sizmek_Mid-Morning Snack_CPM-Xaxis - Standard Banners_Diciembre,MCMMX,2020,MEX,Kelloggs,Pop Tarts,Seasonal,Ugly Sweater,Sizmek,Mid-Morning Snack,CPM-Xaxis - Standard Banners,,poptarts,0.009,CPM,Pop Tarts,MCMMX_2020_MEX_KELLOGGS_POPTARTS_SEASONAL_UGLYSWEATER_SIZMEK_MID-MORNINGSNACK_CPM-XAXIS-STANDARDBANNERS,2021-01-14,1,Mediacom,3,ktboClient
0.00%,In Banner,Xaxis_ROS_Standard Banner_CPM_Several_Extra_Nov_RTG,1,12/20/2020 12:00:00 AM,Kellogg´s,0,1076034547,0.06,1074102088,Xaxis LATAM,12/1/2020 12:00:00 AM,0,0,12/1/2020 12:00:00 AM,0.00%,300x600-Extra_Producto_RTG (1),0,1,Display,194976,ROS,0,Extra,https://www.instagram.com/cereal_extra/,0,Standard Banner,12/20/2020 12:00:00 AM,60,Xaxis_ROS_Standard Banner_300x600_CPM_Several_Impressions_Display_Extra_Nov_RTG,0,CPM,0.00,1/14/2021 12:00:00 AM,MCMMX_2020_MEX_KELLOGGS_EXTRA_SEASONAL_EXTRA_SIZMEK_BREAKFASTFORONE_CPM-XAXIS-STANDARDBANNERS,2021-01-14,MX,MCMMX_2020_MEX_Kelloggs_Extra_Seasonal_Extra_Sizmek_Breakfast for One_CPM-Xaxis - Standard Banners_Diciembre,MCMMX,2020,MEX,Kelloggs,Extra,Seasonal,Extra,Sizmek,Breakfast for One,CPM-Xaxis - Standard Banners,,extra,0.003,CPM,Kelloggs Extra,MCMMX_2020_MEX_KELLOGGS_EXTRA_SEASONAL_EXTRA_SIZMEK_BREAKFASTFORONE_CPM-XAXIS-STANDARDBANNERS,2021-01-14,1,Mediacom,3,ktboClient
0.00%,In Banner,Xaxis_ROS_Standard Banner_CPM_Several_Extra_Nov_RTG,1,12/20/2020 12:00:00 AM,Kellogg´s,0,1076034548,0.06,1074102088,Xaxis LATAM,12/1/2020 12:00:00 AM,0,0,12/1/2020 12:00:00 AM,0.00%,300x250-Extra_Producto_RTG (1),0,1,Display,194976,ROS,0,Extra,https://www.instagram.com/cereal_extra/,0,Standard Banner,12/20/2020 12:00:00 AM,60,Xaxis_ROS_Standard Banner_300x250_CPM_Several_Impressions_Display_Extra_Nov_RTG,0,CPM,0.00,1/14/2021 12:00:00 AM,MCMMX_2020_MEX_KELLOGGS_EXTRA_SEASONAL_EXTRA_SIZMEK_BREAKFASTFORONE_CPM-XAXIS-STANDARDBANNERS,2021-01-14,MX,MCMMX_2020_MEX_Kelloggs_Extra_Seasonal_Extra_Sizmek_Breakfast for One_CPM-Xaxis - Standard Banners_Diciembre,MCMMX,2020,MEX,Kelloggs,Extra,Seasonal,Extra,Sizmek,Breakfast for One,CPM-Xaxis - Standard Banners,,extra,0.003,CPM,Kelloggs Extra,MCMMX_2020_MEX_KELLOGGS_EXTRA_SEASONAL_EXTRA_SIZMEK_BREAKFASTFORONE_CPM-XAXIS-STANDARDBANNERS,2021-01-14,1,Mediacom,3,ktboClient
0.00%,In Banner,Xaxis_ROS_Standard Banner_CPM_Several_Extra_Nov_RTG,3,12/20/2020 12:00:00 AM,Kellogg´s,0,1076034550,0.18,1074102088,Xaxis LATAM,12/1/2020 12:00:00 AM,0,0,12/1/2020 12:00:00 AM,0.00%,728x90-Extra_Producto_RTG (1),0,3,Display,194976,ROS,0,Extra,https://www.instagram.com/cereal_extra/,0,Standard Banner,12/20/2020 12:00:00 AM,60,Xaxis_ROS_Standard Banner_728x90_CPM_Several_Impressions_Display_Extra_Nov_RTG,0,CPM,0.00,1/14/2021 12:00:00 AM,MCMMX_2020_MEX_KELLOGGS_EXTRA_SEASONAL_EXTRA_SIZMEK_BREAKFASTFORONE_CPM-XAXIS-STANDARDBANNERS,2021-01-14,MX,MCMMX_2020_MEX_Kelloggs_Extra_Seasonal_Extra_Sizmek_Breakfast for One_CPM-Xaxis - Standard Banners_Diciembre,MCMMX,2020,MEX,Kelloggs,Extra,Seasonal,Extra,Sizmek,Breakfast for One,CPM-Xaxis - Standard Banners,,extra,0.009,CPM,Kelloggs Extra,MCMMX_2020_MEX_KELLOGGS_EXTRA_SEASONAL_EXTRA_SIZMEK_BREAKFASTFORONE_CPM-XAXIS-STANDARDBANNERS,2021-01-14,1,Mediacom,3,ktboClient
0.00%,In Banner,Xaxis_ROS_Standard Banner_CPM_Several_Extra_Nov_Intereses,0,12/20/2020 12:00:00 AM,Kellogg´s,0,1076034551,0.0,1074102088,Xaxis LATAM,12/1/2020 12:00:00 AM,0,0,12/1/2020 12:00:00 AM,0.00%,300x250-Extra_Interes_V1 (1),0,0,Display,194976,ROS,0,Extra,https://www.instagram.com/cereal_extra/,0,Standard Banner,12/20/2020 12:00:00 AM,60,Xaxis_ROS_Standard Banner_300x250_CPM_Several_Impressions_Display_Extra_Nov_Intereses_V1,0,CPM,0.00,1/14/2021 12:00:00 AM,MCMMX_2020_MEX_KELLOGGS_EXTRA_SEASONAL_EXTRA_SIZMEK_BREAKFASTFORONE_CPM-XAXIS-STANDARDBANNERS,2021-01-14,MX,MCMMX_2020_MEX_Kelloggs_Extra_Seasonal_Extra_Sizmek_Breakfast for One_CPM-Xaxis - Standard Banners_Diciembre,MCMMX,2020,MEX,Kelloggs,Extra,Seasonal,Extra,Sizmek,Breakfast for One,CPM-Xaxis - Standard Banners,,extra,0.0,CPM,Kelloggs Extra,MCMMX_2020_MEX_KELLOGGS_EXTRA_SEASONAL_EXTRA_SIZMEK_BREAKFASTFORONE_CPM-XAXIS-STANDARDBANNERS,2021-01-14,1,Mediacom,3,ktboClient
0.00%,In Banner,Xaxis_ROS_Standard Banner_CPM_Several_Extra_Nov_Intereses,1,12/20/2020 12:00:00 AM,Kellogg´s,0,1076034558,0.06,1074102088,Xaxis LATAM,12/1/2020 12:00:00 AM,0,0,12/1/2020 12:00:00 AM,0.00%,320x480-Extra_Interes_V2 (1),0,1,Display,194976,ROS,0,Extra,https://www.instagram.com/cereal_extra/,0,Standard Banner,12/20/2020 12:00:00 AM,60,Xaxis_ROS_Standard Banner_320x480_CPM_Several_Impressions_Display_Extra_Nov_Intereses_V2,0,CPM,0.00,1/14/2021 12:00:00 AM,MCMMX_2020_MEX_KELLOGGS_EXTRA_SEASONAL_EXTRA_SIZMEK_BREAKFASTFORONE_CPM-XAXIS-STANDARDBANNERS,2021-01-14,MX,MCMMX_2020_MEX_Kelloggs_Extra_Seasonal_Extra_Sizmek_Breakfast for One_CPM-Xaxis - Standard Banners_Diciembre,MCMMX,2020,MEX,Kelloggs,Extra,Seasonal,Extra,Sizmek,Breakfast for One,CPM-Xaxis - Standard Banners,,extra,0.003,CPM,Kelloggs Extra,MCMMX_2020_MEX_KELLOGGS_EXTRA_SEASONAL_EXTRA_SIZMEK_BREAKFASTFORONE_CPM-XAXIS-STANDARDBANNERS,2021-01-14,1,Mediacom,3,ktboClient
0.00%,In Banner,Xaxis_ROS_Video Banner_CPM_Several_MB_COVID,3,12/27/2020 12:00:00 AM,Kellogg´s,0,1076037933,0.18,1074102658,Xaxis LATAM,12/1/2020 12:00:00 AM,0,0,12/1/2020 12:00:00 AM,0.00%,MB_COVID_NOV_728x90 (1),0,3,Display,194976,ROS,0,Masterbrand,https://www.kelloggs.com.mx/es_MX/home.html?utm_source=Display&utm_medium=Xaxis&utm_campaign=KelloggsNoFalla&utm_term=Banner_Horizontal_CF&utm_content=banner,0,Standard Banner,12/27/2020 12:00:00 AM,60,Xaxis_ROS_Video Banner_728x90_CPM_Several_Impressions_NA_MB_COVID_Dic,0,CPM,0.00,1/14/2021 12:00:00 AM,MCMMX_2020_MEX_KELLOGGS_MASTERBRAND_SEASONAL_CORONAVIRUS_SIZMEK_BREAKFASTFORONE_CPM-XAXIS-STANDARDBANNERS,2021-01-14,MX,MCMMX_2020_MEX_Kelloggs_Masterbrand_Seasonal_Coronavirus_Sizmek_Breakfast for One_CPM-Xaxis - Standard Banners_Diciembre,MCMMX,2020,MEX,Kelloggs,Masterbrand,Seasonal,Coronavirus,Sizmek,Breakfast for One,CPM-Xaxis - Standard Banners,,masterbrand,0.009,CPM,Masterbrand,MCMMX_2020_MEX_KELLOGGS_MASTERBRAND_SEASONAL_CORONAVIRUS_SIZMEK_BREAKFASTFORONE_CPM-XAXIS-STANDARDBANNERS,2021-01-14,1,Mediacom,3,ktboClient
0.00%,In Banner,Xaxis_ROS_Standard Banner_CPM_Several_EMBAJADORES_AWA1,2,12/20/2020 12:00:00 AM,Kellogg´s,0,1076048149,0.12,1074103687,Xaxis LATAM,12/4/2020 12:00:00 AM,0,0,12/4/2020 12:00:00 AM,0.00%,MB_ALLBRAN_gdn_awareness300x250,0,2,Display,194976,ROS,0,Masterbrand,https://www.kelloggs.com.mx/es_MX/home.html?utm_source=Display&utm_medium=Xaxis&utm_campaign=Embajadores_MB_04_20_Diciembre&utm_term=Banner_All_Bran_300x250_MX&utm_content=Banner_All_Bran_300x250,0,Standard Banner,12/20/2020 12:00:00 AM,60,Xaxis_ROS_Standard Banner_300x250_CPM_Several_Impressions_Display_Embajadores_All brand_Awareness_Diciembre,0,CPM,0.00,1/14/2021 12:00:00 AM,MCMMX_2020_MEX_KELLOGGS_MASTERBRAND_SEASONAL_EMBAJADORES_SIZMEK_BREAKFASTFORONE_CPM-XAXIS-STANDARDBANNERS,2021-01-14,MX,MCMMX_2020_MEX_Kelloggs_Masterbrand_Seasonal_Embajadores_Sizmek_Breakfast for One_CPM-Xaxis - Standard Banners_Diciembre,MCMMX,2020,MEX,Kelloggs,Masterbrand,Seasonal,Embajadores,Sizmek,Breakfast for One,CPM-Xaxis - Standard Banners,,masterbrand,0.006,CPM,Masterbrand,MCMMX_2020_MEX_KELLOGGS_MASTERBRAND_SEASONAL_EMBAJADORES_SIZMEK_BREAKFASTFORONE_CPM-XAXIS-STANDARDBANNERS,2021-01-14,1,Mediacom,3,ktboClient
0.00%,In Banner,Xaxis_ROS_Standard Banner_CPM_Several_EMBAJADORES_AWA1,1,12/20/2020 12:00:00 AM,Kellogg´s,0,1076048152,0.06,1074103687,Xaxis LATAM,12/4/2020 12:00:00 AM,0,0,12/4/2020 12:00:00 AM,0.00%,MB_ALLBRAN_gdn_awareness728x90,0,1,Display,194976,ROS,0,Masterbrand,https://www.kelloggs.com.mx/es_MX/home.html?utm_source=Display&utm_medium=Xaxis&utm_campaign=Embajadores_MB_04_20_Diciembre&utm_term=Banner_All_Bran_728x90_MX&utm_content=Banner_All_Bran_728x90,0,Standard Banner,12/20/2020 12:00:00 AM,60,Xaxis_ROS_Standard Banner_728x90_CPM_Several_Impressions_Display_Embajadores_All brand_Awareness_Diciembre,0,CPM,0.00,1/14/2021 12:00:00 AM,MCMMX_2020_MEX_KELLOGGS_MASTERBRAND_SEASONAL_EMBAJADORES_SIZMEK_BREAKFASTFORONE_CPM-XAXIS-STANDARDBANNERS,2021-01-14,MX,MCMMX_2020_MEX_Kelloggs_Masterbrand_Seasonal_Embajadores_Sizmek_Breakfast for One_CPM-Xaxis - Standard Banners_Diciembre,MCMMX,2020,MEX,Kelloggs,Masterbrand,Seasonal,Embajadores,Sizmek,Breakfast for One,CPM-Xaxis - Standard Banners,,masterbrand,0.003,CPM,Masterbrand,MCMMX_2020_MEX_KELLOGGS_MASTERBRAND_SEASONAL_EMBAJADORES_SIZMEK_BREAKFASTFORONE_CPM-XAXIS-STANDARDBANNERS,2021-01-14,1,Mediacom,3,ktboClient
0.00%,In Banner,Xaxis_ROS_Standard Banner_CPM_Several_EMBAJADORES_AWA1,1,12/20/2020 12:00:00 AM,Kellogg´s,0,1076048158,0.06,1074103687,Xaxis LATAM,12/4/2020 12:00:00 AM,0,0,12/4/2020 12:00:00 AM,0.00%,MB_SPECIALK_gdn_awareness300x600,0,1,Display,194976,ROS,0,Masterbrand,https://www.kelloggs.com.mx/es_MX/home.html?utm_source=Display&utm_medium=Xaxis&utm_campaign=Embajadores_MB_04_20_Diciembre&utm_term=Banner_SpecialK_300x600_MX&utm_content=Banner_SpecialK_300x600,0,Standard Banner,12/20/2020 12:00:00 AM,60,Xaxis_ROS_Standard Banner_300x600_CPM_Several_Impressions_Display_Embajadores_Special K_Awareness_Diciembre,0,CPM,0.00,1/14/2021 12:00:00 AM,MCMMX_2020_MEX_KELLOGGS_MASTERBRAND_SEASONAL_EMBAJADORES_SIZMEK_BREAKFASTFORONE_CPM-XAXIS-STANDARDBANNERS,2021-01-14,MX,MCMMX_2020_MEX_Kelloggs_Masterbrand_Seasonal_Embajadores_Sizmek_Breakfast for One_CPM-Xaxis - Standard Banners_Diciembre,MCMMX,2020,MEX,Kelloggs,Masterbrand,Seasonal,Embajadores,Sizmek,Breakfast for One,CPM-Xaxis - Standard Banners,,masterbrand,0.003,CPM,Masterbrand,MCMMX_2020_MEX_KELLOGGS_MASTERBRAND_SEASONAL_EMBAJADORES_SIZMEK_BREAKFASTFORONE_CPM-XAXIS-STANDARDBANNERS,2021-01-14,1,Mediacom,3,ktboClient
0.00%,In Banner,Xaxis_ROS_Standard Banner_CPM_Several_EMBAJADORES_AWA1,1,12/20/2020 12:00:00 AM,Kellogg´s,0,1076048162,0.06,1074103687,Xaxis LATAM,12/4/2020 12:00:00 AM,0,0,12/4/2020 12:00:00 AM,0.00%,MB_EXTRA_gdn_awareness300x600,0,1,Display,194976,ROS,0,Masterbrand,https://www.kelloggs.com.mx/es_MX/home.html?utm_source=Display&utm_medium=Xaxis&utm_campaign=Embajadores_MB_04_20_Diciembre&utm_term=Banner_Extra_300x600_MX&utm_content=Banner_Extra_300x600,0,Standard Banner,12/20/2020 12:00:00 AM,60,Xaxis_ROS_Standard Banner_300x600_CPM_Several_Impressions_Display_Embajadores_Extra_Awareness_Diciembre,0,CPM,0.00,1/14/2021 12:00:00 AM,MCMMX_2020_MEX_KELLOGGS_MASTERBRAND_SEASONAL_EMBAJADORES_SIZMEK_BREAKFASTFORONE_CPM-XAXIS-STANDARDBANNERS,2021-01-14,MX,MCMMX_2020_MEX_Kelloggs_Masterbrand_Seasonal_Embajadores_Sizmek_Breakfast for One_CPM-Xaxis - Standard Banners_Diciembre,MCMMX,2020,MEX,Kelloggs,Masterbrand,Seasonal,Embajadores,Sizmek,Breakfast for One,CPM-Xaxis - Standard Banners,,masterbrand,0.003,CPM,Masterbrand,MCMMX_2020_MEX_KELLOGGS_MASTERBRAND_SEASONAL_EMBAJADORES_SIZMEK_BREAKFASTFORONE_CPM-XAXIS-STANDARDBANNERS,2021-01-14,1,Mediacom,3,ktboClient
0.00%,In Banner,Xaxis_ROS_Standard Banner_CPM_Several_EMBAJADORES _RTG1,3,12/20/2020 12:00:00 AM,Kellogg´s,0,1076048179,0.18,1074103687,Xaxis LATAM,12/4/2020 12:00:00 AM,0,0,12/5/2020 12:00:00 AM,0.00%,EXTRA_gdn_REMARKETING_320x480,0,3,Display,194976,ROS,0,Masterbrand,https://super.walmart.com.mx/cereales-y-barras/cereal-kellogg-s-extra-arandanos-420-g/00750100800162?utm_source=mtz_walmart&utm_medium=mtz_xaxis&utm_campaign=mtz_walmart_uf_embajadores_20201204&utm_content=banner&utm_term=extra-320x480,0,Standard Banner,12/20/2020 12:00:00 AM,60,Xaxis_ROS_Standard Banner_320x480_CPM_Several_Impressions_Display_Embajadores_Extra_RTG_Diciembre,0,CPM,0.00,1/14/2021 12:00:00 AM,MCMMX_2020_MEX_KELLOGGS_MASTERBRAND_SEASONAL_EMBAJADORES_SIZMEK_BREAKFASTFORONE_CPM-XAXIS-STANDARDBANNERS,2021-01-14,MX,MCMMX_2020_MEX_Kelloggs_Masterbrand_Seasonal_Embajadores_Sizmek_Breakfast for One_CPM-Xaxis - Standard Banners_Diciembre,MCMMX,2020,MEX,Kelloggs,Masterbrand,Seasonal,Embajadores,Sizmek,Breakfast for One,CPM-Xaxis - Standard Banners,,masterbrand,0.009,CPM,Masterbrand,MCMMX_2020_MEX_KELLOGGS_MASTERBRAND_SEASONAL_EMBAJADORES_SIZMEK_BREAKFASTFORONE_CPM-XAXIS-STANDARDBANNERS,2021-01-14,1,Mediacom,3,ktboClient
0.00%,Tracking,,4,12/30/2020 12:00:00 AM,Kellogg´s,0,1076048408,0.6,1074103738,Xaxis LATAM,12/3/2020 12:00:00 AM,0,0,12/3/2020 12:00:00 AM,0.00%,Xaxis_ROS_Native Ad_0x0_CPM_Several_Impressions_Display_SK _FB DISPLAY_DIC_1082061227,0,4,Display,194976,ROS,0,Special K,https://www.superama.com.mx/catalogo/d-despensa/f-cereales/l-cereales/cereal-kellogg-s-special-k-original-580-g/0750100802356?utm_source=mtz_kellogg&utm_medium=social&utm_campaign=mtz_kellogg_aw_linkad_reformulacionoriginal_lunes1130&utm_content=post&utm_term=specialk_original_facebook,0,Tracking Pixel,12/30/2020 12:00:00 AM,150,Xaxis_ROS_Native Ad_0x0_CPM_Several_Impressions_Display_SK _FB DISPLAY_DIC,0,CPM,0.00,1/14/2021 12:00:00 AM,MCMMX_2020_MEX_KELLOGGS_SPECIALK_SEASONAL_ORIGINAL_SIZMEK_BREAKFASTFORONE_CPM-XAXISSOCIALNATIVE,2021-01-14,MX,MCMMX_2020_MEX_Kelloggs_Special K_Seasonal_Original_Sizmek_Breakfast for One_CPM-Xaxis Social Native_Diciembre,MCMMX,2020,MEX,Kelloggs,Special K,Seasonal,Original,Sizmek,Breakfast for One,CPM-Xaxis Social Native,,specialk,0.03,CPM,Special K,MCMMX_2020_MEX_KELLOGGS_SPECIALK_SEASONAL_ORIGINAL_SIZMEK_BREAKFASTFORONE_CPM-XAXISSOCIALNATIVE,2021-01-14,1,Mediacom,3,ktboClient
0.00%,In Banner,cookies diciembre,0,12/15/2020 12:00:00 AM,Kellogg´s,0,1076053942,0.0,1074104770,Xaxis LATAM,12/7/2020 12:00:00 AM,0,0,12/7/2020 12:00:00 AM,0.00%,Diciembre_Cookies_banners_160x600,0,1,Display,194976,0,0,Masterbrand,https://www.farmaciasguadalajara.com/ProductDisplay?top_category5=&top_category4=&top_category3=&urlRequestType=Base&productId=3074457345616765216&catalogId=10052&top_category2=&categoryId=&errorViewName=ProductDisplayErrorView&urlLangId=-24&langId=-24&top_category=&parent_category_rn=&storeId=10151,0,Standard Banner,12/15/2020 12:00:00 AM,0,Xaxis_ROS_Standard Banner_160x600_CPM_Several_Impressions_Display_Cookies_Xaxis_Diciembre,0,CPM,0.00,1/14/2021 12:00:00 AM,MCMMX_2020_MEX_KELLOGGS_MASTERBRAND_SEASONAL_COOKIESKIDS_SIZMEK_MID-MORNINGSNACK_CPM-XAXIS-STANDARDBANNERS,2021-01-14,MX,MCMMX_2020_MEX_Kelloggs_Masterbrand_Seasonal_Cookies Kids_Sizmek_Mid-Morning Snack_CPM-Xaxis - Standard Banners_Diciembre,MCMMX,2020,MEX,Kelloggs,Masterbrand,Seasonal,Cookies Kids,Sizmek,Mid-Morning Snack,CPM-Xaxis - Standard Banners,,masterbrand,0.0,CPM,Masterbrand,MCMMX_2020_MEX_KELLOGGS_MASTERBRAND_SEASONAL_COOKIESKIDS_SIZMEK_MID-MORNINGSNACK_CPM-XAXIS-STANDARDBANNERS,2021-01-14,1,Mediacom,3,ktboClient
0.00%,In Banner,cookies diciembre,1,12/15/2020 12:00:00 AM,Kellogg´s,0,1076053943,0.0,1074104770,Xaxis LATAM,12/7/2020 12:00:00 AM,0,0,12/7/2020 12:00:00 AM,0.00%,Diciembre_Cookies_banners_300x250,0,1,Display,194976,0,0,Masterbrand,https://www.farmaciasguadalajara.com/ProductDisplay?top_category5=&top_category4=&top_category3=&urlRequestType=Base&productId=3074457345616765216&catalogId=10052&top_category2=&categoryId=&errorViewName=ProductDisplayErrorView&urlLangId=-24&langId=-24&top_category=&parent_category_rn=&storeId=10151,0,Standard Banner,12/15/2020 12:00:00 AM,0,Xaxis_ROS_Standard Banner_300x250_CPM_Several_Impressions_Display_Cookies_Xaxis_Diciembre,0,CPM,0.00,1/14/2021 12:00:00 AM,MCMMX_2020_MEX_KELLOGGS_MASTERBRAND_SEASONAL_COOKIESKIDS_SIZMEK_MID-MORNINGSNACK_CPM-XAXIS-STANDARDBANNERS,2021-01-14,MX,MCMMX_2020_MEX_Kelloggs_Masterbrand_Seasonal_Cookies Kids_Sizmek_Mid-Morning Snack_CPM-Xaxis - Standard Banners_Diciembre,MCMMX,2020,MEX,Kelloggs,Masterbrand,Seasonal,Cookies Kids,Sizmek,Mid-Morning Snack,CPM-Xaxis - Standard Banners,,masterbrand,0.0,CPM,Masterbrand,MCMMX_2020_MEX_KELLOGGS_MASTERBRAND_SEASONAL_COOKIESKIDS_SIZMEK_MID-MORNINGSNACK_CPM-XAXIS-STANDARDBANNERS,2021-01-14,1,Mediacom,3,ktboClient
0.00%,In Banner,cookies diciembre,1,12/15/2020 12:00:00 AM,Kellogg´s,0,1076053944,0.0,1074104770,Xaxis LATAM,12/7/2020 12:00:00 AM,0,0,12/7/2020 12:00:00 AM,0.00%,Diciembre_Cookies_banners_320x480,0,1,Display,194976,0,0,Masterbrand,https://www.farmaciasguadalajara.com/ProductDisplay?top_category5=&top_category4=&top_category3=&urlRequestType=Base&productId=3074457345616765216&catalogId=10052&top_category2=&categoryId=&errorViewName=ProductDisplayErrorView&urlLangId=-24&langId=-24&top_category=&parent_category_rn=&storeId=10151,0,Standard Banner,12/15/2020 12:00:00 AM,0,Xaxis_ROS_Standard Banner_320x480_CPM_Several_Impressions_Display_Cookies_Xaxis_Diciembre,0,CPM,0.00,1/14/2021 12:00:00 AM,MCMMX_2020_MEX_KELLOGGS_MASTERBRAND_SEASONAL_COOKIESKIDS_SIZMEK_MID-MORNINGSNACK_CPM-XAXIS-STANDARDBANNERS,2021-01-14,MX,MCMMX_2020_MEX_Kelloggs_Masterbrand_Seasonal_Cookies Kids_Sizmek_Mid-Morning Snack_CPM-Xaxis - Standard Banners_Diciembre,MCMMX,2020,MEX,Kelloggs,Masterbrand,Seasonal,Cookies Kids,Sizmek,Mid-Morning Snack,CPM-Xaxis - Standard Banners,,masterbrand,0.0,CPM,Masterbrand,MCMMX_2020_MEX_KELLOGGS_MASTERBRAND_SEASONAL_COOKIESKIDS_SIZMEK_MID-MORNINGSNACK_CPM-XAXIS-STANDARDBANNERS,2021-01-14,1,Mediacom,3,ktboClient
0.00%,In Banner,cookies diciembre,1,12/15/2020 12:00:00 AM,Kellogg´s,0,1076053945,0.0,1074104770,Xaxis LATAM,12/7/2020 12:00:00 AM,0,0,12/7/2020 12:00:00 AM,0.00%,Diciembre_Cookies_banners_300x600,0,1,Display,194976,0,0,Masterbrand,https://www.farmaciasguadalajara.com/ProductDisplay?top_category5=&top_category4=&top_category3=&urlRequestType=Base&productId=3074457345616765216&catalogId=10052&top_category2=&categoryId=&errorViewName=ProductDisplayErrorView&urlLangId=-24&langId=-24&top_category=&parent_category_rn=&storeId=10151,0,Standard Banner,12/15/2020 12:00:00 AM,0,Xaxis_ROS_Standard Banner_300x600_CPM_Several_Impressions_Display_Cookies_Xaxis_Diciembre,0,CPM,0.00,1/14/2021 12:00:00 AM,MCMMX_2020_MEX_KELLOGGS_MASTERBRAND_SEASONAL_COOKIESKIDS_SIZMEK_MID-MORNINGSNACK_CPM-XAXIS-STANDARDBANNERS,2021-01-14,MX,MCMMX_2020_MEX_Kelloggs_Masterbrand_Seasonal_Cookies Kids_Sizmek_Mid-Morning Snack_CPM-Xaxis - Standard Banners_Diciembre,MCMMX,2020,MEX,Kelloggs,Masterbrand,Seasonal,Cookies Kids,Sizmek,Mid-Morning Snack,CPM-Xaxis - Standard Banners,,masterbrand,0.0,CPM,Masterbrand,MCMMX_2020_MEX_KELLOGGS_MASTERBRAND_SEASONAL_COOKIESKIDS_SIZMEK_MID-MORNINGSNACK_CPM-XAXIS-STANDARDBANNERS,2021-01-14,1,Mediacom,3,ktboClient
0.00%,In Banner,Xaxis_ROS_Standard Banner_CPM_Mobile_Corporate Promotion_In-store traffic_Diciembre,1,12/31/2020 12:00:00 AM,Kellogg´s,0,1076106235,0.0,1074113447,Xaxis LATAM,12/16/2020 12:00:00 AM,0,0,12/16/2020 12:00:00 AM,0.00%,240920_MB_PERSONAJES_XAXIS_728x90 V2,0,1,Display,194976,0,0,Corporate,https://super.walmart.com.mx/browse/mundo-kelloggs/premios?utm_source=jbm_kellogg&utm_medium=display&utm_campaign=jbm_kellogg_rev_corporate_promo_jueves1217&utm_content=video&utm_term=xaxis_banner1_2_facebook,0,Standard Banner,12/31/2020 12:00:00 AM,0.6,Xaxis_ROS_Standard Banner_728x90_CPM_Mobile_Impressions_Display_Corporate Promotion_Intereses In-store traffic_Diciembre,0,CPM,0.00,1/14/2021 12:00:00 AM,MCMMX_2020_MEX_KELLOGGS_CORPORATEPROMOTIONS_SEASONAL_GANAPREMIOS_SIZMEK_FAMILYBREAKFAST_CPM-XAXIS-STANDARDBANNERS,2021-01-14,MX,MCMMX_2020_MEX_Kelloggs_Corporate Promotions_Seasonal_Gana Premios_Sizmek_Family Breakfast_CPM-Xaxis - Standard Banners_Diciembre V2,MCMMX,2020,MEX,Kelloggs,Corporate Promotions,Seasonal,Gana Premios,Sizmek,Family Breakfast,CPM-Xaxis - Standard Banners,,corporatepromotions,0.0,CPM,Corporate Promotions,MCMMX_2020_MEX_KELLOGGS_CORPORATEPROMOTIONS_SEASONAL_GANAPREMIOS_SIZMEK_FAMILYBREAKFAST_CPM-XAXIS-STANDARDBANNERS,2021-01-14,1,Mediacom,3,ktboClient
0.00%,In Banner,Xaxis_ROS_Standard Banner_CPM_Mobile_Corporate Promotion_In-store traffic_Diciembre,0,12/31/2020 12:00:00 AM,Kellogg´s,0,1076106236,0.0,1074113447,Xaxis LATAM,12/16/2020 12:00:00 AM,0,0,12/16/2020 12:00:00 AM,0.00%,240920_MB_PERSONAJES_XAXIS_300x250 V2,0,0,Display,194976,0,0,Corporate,https://super.walmart.com.mx/browse/mundo-kelloggs/premios?utm_source=jbm_kellogg&utm_medium=display&utm_campaign=jbm_kellogg_rev_corporate_promo_jueves1217&utm_content=video&utm_term=xaxis_banner1_1_facebook,0,Standard Banner,12/31/2020 12:00:00 AM,0.6,Xaxis_ROS_Standard Banner_300x250_CPM_Mobile_Impressions_Display_Corporate Promotion_Intereses In-store traffic_Diciembre,0,CPM,0.00,1/14/2021 12:00:00 AM,MCMMX_2020_MEX_KELLOGGS_CORPORATEPROMOTIONS_SEASONAL_GANAPREMIOS_SIZMEK_FAMILYBREAKFAST_CPM-XAXIS-STANDARDBANNERS,2021-01-14,MX,MCMMX_2020_MEX_Kelloggs_Corporate Promotions_Seasonal_Gana Premios_Sizmek_Family Breakfast_CPM-Xaxis - Standard Banners_Diciembre V2,MCMMX,2020,MEX,Kelloggs,Corporate Promotions,Seasonal,Gana Premios,Sizmek,Family Breakfast,CPM-Xaxis - Standard Banners,,corporatepromotions,0.0,CPM,Corporate Promotions,MCMMX_2020_MEX_KELLOGGS_CORPORATEPROMOTIONS_SEASONAL_GANAPREMIOS_SIZMEK_FAMILYBREAKFAST_CPM-XAXIS-STANDARDBANNERS,2021-01-14,1,Mediacom,3,ktboClient
0.00%,In-Stream Video,,0,12/23/2020 12:00:00 AM,Kellogg´s,0,1076044907,0.0,1074103270,Sunmedia MX,12/2/2020 12:00:00 AM,10,0,12/2/2020 12:00:00 AM,0.00%,01122020KTBO_Kellogs_Pringles_Xmas-Music_03_Sunmedia,0,0,Display,194976,0,0,Pringles,https://super.walmart.com.mx/botanas-y-fruta-seca/papas-pringles-original-149-g/00003800020114?utm_source=mtz_walmart&utm_medium=mtz_sunmedia&utm_campaign=mtz_walmart_uf_bonus-pack_20201207&utm_content=video&utm_term=pringles-sunmedia,0,In-Stream Video,12/23/2020 12:00:00 AM,1.21,Sunmedia_ROS_Video_0x0_CPCV 100%_Several_Views_Video_Pringles_SunMedia_Diciembre,0,CPM,0.00,1/14/2021 12:00:00 AM,MCMMX_2020_MEX_KELLOGGS_PRINGLES_SEASONAL_XMASPROMOMUSIC_SIZMEK_EVENINGME_CPCV-SUNMEDIA,2021-01-14,MX,MCMMX_2020_MEX_Kelloggs_Pringles_Seasonal_XMAS Promo Music_Sizmek_Evening Me_CPCV-Sunmedia_Diciembre,MCMMX,2020,MEX,Kelloggs,Pringles,Seasonal,XMAS Promo Music,Sizmek,Evening Me,CPCV-Sunmedia,,pringles,0.0,CPCV,Pringles,MCMMX_2020_MEX_KELLOGGS_PRINGLES_SEASONAL_XMASPROMOMUSIC_SIZMEK_EVENINGME_CPCV-SUNMEDIA,2021-01-14,1,Mediacom,3,ktboClient
