buying_type,actions.video_view.1d_click,campaign_id,account_currency,video_thruplay_watched_actions.video_view.7d_click,video_p50_watched_actions.video_view.1d_click,video_thruplay_watched_actions.video_view,actions.post_reaction.7d_click,actions.post_engagement.7d_click,country,actions.post,video_p25_watched_actions.video_view.1d_click,date_stop,impressions,clicks,actions.interactive_component_tap,reach,video_p100_watched_actions.video_view,adset_name,ad_id,actions.page_engagement.7d_click,frequency,video_30_sec_watched_actions.video_view.1d_click,actions.post.7d_click,video_p25_watched_actions.video_view.7d_click,video_avg_time_watched_actions.video_view.7d_click,actions.video_view,actions.post_reaction.1d_click,date_start,video_p100_watched_actions.video_view.1d_click,campaign_name,actions.page_engagement,actions.link_click,video_30_sec_watched_actions.video_view,actions.comment,video_p25_watched_actions.video_view,video_p100_watched_actions.video_view.7d_click,actions.page_engagement.1d_click,video_avg_time_watched_actions.video_view.1d_click,actions.comment.7d_click,actions.link_click.1d_click,actions.link_click.7d_click,video_p50_watched_actions.video_view.7d_click,spend,video_p75_watched_actions.video_view.7d_click,video_avg_time_watched_actions.video_view,actions.post_engagement,actions.interactive_component_tap.7d_click,video_p75_watched_actions.video_view,actions.comment.1d_click,ad_name,actions.interactive_component_tap.1d_click,actions.onsite_conversion.post_save,actions.onsite_conversion.post_save.7d_click,video_30_sec_watched_actions.video_view.7d_click,actions.post.1d_click,adset_id,video_p50_watched_actions.video_view,actions.video_view.7d_click,account_name,account_id,actions.post_engagement.1d_click,video_thruplay_watched_actions.video_view.1d_click,objective,actions.onsite_conversion.post_save.1d_click,video_p75_watched_actions.video_view.1d_click,actions.post_reaction,ad_creative_call_to_action_type,ad_creative_link_url,campaign_stop_time,campaign_start_time,ad_creative_object_type,campaign_buying_type,ad_preview_default_url,link,conversions,video_30_sec_watched_actions,video_avg_time_watched_actions,video_p100_watched_actions,video_p25_watched_actions,video_p50_watched_actions,video_p75_watched_actions,video_thruplay_watched_actions,actions.photo_view.7d_click,actions.photo_view,actions.photo_view.1d_click,actions.like.7d_click,actions.like.1d_click,actions.like,actions.landing_page_view,actions.landing_page_view.7d_click,actions.landing_page_view.1d_click,actions.onsite_conversion.messaging_conversation_started_7d.7d_click,actions.onsite_conversion.messaging_conversation_started_7d,actions.onsite_conversion.messaging_first_reply.7d_click,actions.onsite_conversion.messaging_first_reply,actions.onsite_conversion.messaging_conversation_started_7d.1d_click,actions.onsite_conversion.messaging_first_reply.1d_click,actions.offsite_conversion.custom.1164881367031765,actions.offsite_conversion.custom.1164881367031765.7d_click,conversions.contact_total.7d_click,conversions.contact_total,conversions.contact_website.1d_click,actions.omni_complete_registration,conversions.schedule_total.7d_click,conversions.customize_product_total.1d_click,conversions.start_trial_website,conversions.submit_application_total.1d_click,conversions.donate_total.7d_click,actions.omni_complete_registration.1d_click,conversions.subscribe_total.7d_click,conversions.donate_website.7d_click,actions.complete_registration.1d_click,conversions.contact_website,conversions.ad_impression_website.7d_click,conversions.schedule_total.1d_click,conversions.contact_website.7d_click,conversions.find_location_total.1d_click,conversions.subscribe_total.1d_click,conversions.schedule_website.7d_click,conversions.start_trial_total,conversions.ad_click_total,actions.omni_complete_registration.7d_click,conversions.submit_application_total.7d_click,conversions.donate_total,conversions.submit_application_website.1d_click,conversions.ad_impression_website.1d_click,conversions.start_trial_total.7d_click,actions.complete_registration,conversions.find_location_website.7d_click,conversions.subscribe_website.1d_click,conversions.ad_click_total.1d_click,conversions.submit_application_total,conversions.submit_application_website.7d_click,actions.offsite_conversion.fb_pixel_complete_registration,conversions.ad_impression_total.7d_click,conversions.find_location_website,conversions.start_trial_total.1d_click,conversions.schedule_website.1d_click,conversions.customize_product_website.1d_click,conversions.contact_total.1d_click,conversions.schedule_website,conversions.start_trial_website.1d_click,actions.offsite_conversion.fb_pixel_complete_registration.1d_click,conversions.subscribe_website,conversions.customize_product_website.7d_click,conversions.ad_impression_total.1d_click,actions.complete_registration.7d_click,conversions.ad_click_website.7d_click,conversions.ad_click_website,conversions.find_location_total.7d_click,conversions.subscribe_total,conversions.ad_click_total.7d_click,conversions.customize_product_website,conversions.find_location_website.1d_click,conversions.subscribe_website.7d_click,actions.offsite_conversion.fb_pixel_complete_registration.7d_click,conversions.donate_website.1d_click,conversions.schedule_total,conversions.start_trial_website.7d_click,conversions.ad_impression_website,conversions.ad_impression_total,conversions.ad_click_website.1d_click,conversions.donate_website,conversions.customize_product_total,conversions.find_location_total,conversions.submit_application_website,conversions.customize_product_total.7d_click,conversions.donate_total.1d_click,actions.onsite_conversion.messaging_block.7d_click,actions.onsite_conversion.messaging_block.1d_click,actions.onsite_conversion.messaging_block,Campaign Label,Campaign_duplicate,Agency,Year,Market,Client,Brand_portfolio,Temporality,Initiative,Vendor,Platform,Objective,Buying Type,Consumption Occasion,video_quartile_25_view,video_views,url,Month,New Buying Type,Country Code,BRL to USD,MXN to USD,Cost in BRL,platform_cost,campaign_label,unified_brand,Datasource,Brand,interactions,Temp Campaign Name,date_copy,date_month,mplan_agency,date_month,reach_key,campaign_monthly_reach,unique_reach,adverity_client_id,adverity_client_name
AUCTION,,23846894906820222,USD,,,,,81,GT,0,,2021-01-02,4080,1,80,4079,,Reach_P 30 - 60_SI_ENE_L17_Back to School,23846894906840222,1,1.000245,,,,,,,2021-01-02,,MCMMIA_2021_GTM_KELLOGGS_CORPORATEPROMOTIONS_SEASONAL_BACKTOSCHOOL_FACEBOOK_FACEBOOKANDINSTAGRAM_REACH_CPM_FAMILYBREAKFAST,1,1,,0,,,1,,,1,1,,0.77,,,81,80,,,SI_1_ENE_L17_Back to School,80,,,,,23846894906940222,,,KELLOGGS'S LATAM Miami,224986184776779,81,,REACH,,,0,WATCH_MORE,,2021-02-01 04:59:03,2021-01-01 05:00:54,SHARE,AUCTION,https://ktbo.datatap.adverity.com/i/8/fa4e06d585.png,https://youtu.be/ZnXM5izyVLo,,,,,,,,,,,,,,,,,,,,,,,,,,,,,,,,,,,,,,,,,,,,,,,,,,,,,,,,,,,,,,,,,,,,,,,,,,,,,,,,,,,,,,,,,,,,,,,,,,MCMMIA_2021_GTM_Kelloggs_Corporate Promotions_Seasonal_Back to School_Facebook_Facebook and Instagram_Reach_CPM_Family Breakfast_ENE_L17,MCMMIA_2021_GTM_Kelloggs_Corporate Promotions_Seasonal_Back to School_Facebook_Facebook and Instagram_Reach_CPM_Family Breakfast_ENE_L17,MCMMIA,2021,GTM,Kelloggs,Corporate Promotions,Seasonal,Back to School,Facebook,Facebook and Instagram,Reach,CPM_Family Breakfast_ENE_L17,Family breakfast,,,https://ktbo.datatap.adverity.com/i/8/fa4e06d585.png,1,CPM,GT,5.7,20.96,4.389,0.77,MCMMIA_2021_GTM_Kelloggs_Corporate Promotions_Seasonal_Back to School_Facebook_Facebook and Instagram_Reach_CPM_Family Breakfast_ENE_L17,corporatepromotions,Facebook Ads Insights,Corporate Promotions,1,MCMMIA_2021_GTM_KELLOGGS_CORPORATEPROMOTIONS_SEASONAL_BACKTOSCHOOL_FACEBOOK_FACEBOOKANDINSTAGRAM_REACH_CPM_FAMILYBREAKFAST,2021-01-02,1,Mediacom,1,23846894906820222-1,,4079.0006448420136,3,ktboClient
AUCTION,412,23846894906820222,USD,86,126,680,27,656,GT,0,248,2021-01-02,163672,708,,156577,439,Reach_P 30 - 60_PPV_ENE_L17_Back to School,23846894906850222,656,1.045313,55,,248,5,5702,27,2021-01-02,62,MCMMIA_2021_GTM_KELLOGGS_CORPORATEPROMOTIONS_SEASONAL_BACKTOSCHOOL_FACEBOOK_FACEBOOKANDINSTAGRAM_REACH_CPM_FAMILYBREAKFAST,5946,215,437,1,2445,62,656,5,1,215,215,126,31.38,78,1,5946,,582,1,PPV_1_ENE_L17_Back to School,,1,1,55,,23846894906910222,974,412,KELLOGGS'S LATAM Miami,224986184776779,656,86,REACH,1,78,27,WATCH_MORE,,2021-02-01 04:59:03,2021-01-01 05:00:54,VIDEO,AUCTION,https://ktbo.datatap.adverity.com/i/8/e7dd9f662f.png,https://youtu.be/ZnXM5izyVLo,,,,,,,,,,,,,,,,,,,,,,,,,,,,,,,,,,,,,,,,,,,,,,,,,,,,,,,,,,,,,,,,,,,,,,,,,,,,,,,,,,,,,,,,,,,,,,,,,,MCMMIA_2021_GTM_Kelloggs_Corporate Promotions_Seasonal_Back to School_Facebook_Facebook and Instagram_Reach_CPM_Family Breakfast_ENE_L17,MCMMIA_2021_GTM_Kelloggs_Corporate Promotions_Seasonal_Back to School_Facebook_Facebook and Instagram_Reach_CPM_Family Breakfast_ENE_L17,MCMMIA,2021,GTM,Kelloggs,Corporate Promotions,Seasonal,Back to School,Facebook,Facebook and Instagram,Reach,CPM_Family Breakfast_ENE_L17,Family breakfast,2445,2445,https://ktbo.datatap.adverity.com/i/8/e7dd9f662f.png,1,CPM,GT,5.7,20.96,178.866,31.38,MCMMIA_2021_GTM_Kelloggs_Corporate Promotions_Seasonal_Back to School_Facebook_Facebook and Instagram_Reach_CPM_Family Breakfast_ENE_L17,corporatepromotions,Facebook Ads Insights,Corporate Promotions,243,MCMMIA_2021_GTM_KELLOGGS_CORPORATEPROMOTIONS_SEASONAL_BACKTOSCHOOL_FACEBOOK_FACEBOOKANDINSTAGRAM_REACH_CPM_FAMILYBREAKFAST,2021-01-02,1,Mediacom,1,23846894906820222-1,,156577.02525463665,3,ktboClient
AUCTION,,23846894906820222,USD,,,,,474,GT,0,,2021-01-02,14092,11,468,14092,,Reach_P 30 - 60_SI_ENE_L17_Back to School,23846894906860222,6,1,,,,,,,2021-01-02,,MCMMIA_2021_GTM_KELLOGGS_CORPORATEPROMOTIONS_SEASONAL_BACKTOSCHOOL_FACEBOOK_FACEBOOKANDINSTAGRAM_REACH_CPM_FAMILYBREAKFAST,6,6,,0,,,6,,,6,6,,2.62,,,474,468,,,SI_2_ENE_L17_Back to School,468,,,,,23846894906940222,,,KELLOGGS'S LATAM Miami,224986184776779,474,,REACH,,,0,WATCH_MORE,,2021-02-01 04:59:03,2021-01-01 05:00:54,SHARE,AUCTION,https://ktbo.datatap.adverity.com/i/8/118b92936b.png,https://youtu.be/ZnXM5izyVLo,,,,,,,,,,,,,,,,,,,,,,,,,,,,,,,,,,,,,,,,,,,,,,,,,,,,,,,,,,,,,,,,,,,,,,,,,,,,,,,,,,,,,,,,,,,,,,,,,,MCMMIA_2021_GTM_Kelloggs_Corporate Promotions_Seasonal_Back to School_Facebook_Facebook and Instagram_Reach_CPM_Family Breakfast_ENE_L17,MCMMIA_2021_GTM_Kelloggs_Corporate Promotions_Seasonal_Back to School_Facebook_Facebook and Instagram_Reach_CPM_Family Breakfast_ENE_L17,MCMMIA,2021,GTM,Kelloggs,Corporate Promotions,Seasonal,Back to School,Facebook,Facebook and Instagram,Reach,CPM_Family Breakfast_ENE_L17,Family breakfast,,,https://ktbo.datatap.adverity.com/i/8/118b92936b.png,1,CPM,GT,5.7,20.96,14.934000000000001,2.62,MCMMIA_2021_GTM_Kelloggs_Corporate Promotions_Seasonal_Back to School_Facebook_Facebook and Instagram_Reach_CPM_Family Breakfast_ENE_L17,corporatepromotions,Facebook Ads Insights,Corporate Promotions,6,MCMMIA_2021_GTM_KELLOGGS_CORPORATEPROMOTIONS_SEASONAL_BACKTOSCHOOL_FACEBOOK_FACEBOOKANDINSTAGRAM_REACH_CPM_FAMILYBREAKFAST,2021-01-02,1,Mediacom,1,23846894906820222-1,,14092.0,3,ktboClient
AUCTION,,23846894906820222,USD,,,,4,24,GT,0,,2021-01-02,24982,37,,24888,,Reach_P 30 - 60_Several_ENE_L17_Back to School,23846894906870222,24,1.003777,,,,,,4,2021-01-02,,MCMMIA_2021_GTM_KELLOGGS_CORPORATEPROMOTIONS_SEASONAL_BACKTOSCHOOL_FACEBOOK_FACEBOOKANDINSTAGRAM_REACH_CPM_FAMILYBREAKFAST,24,20,,0,,,24,,,20,20,,4.88,,,24,,,,MP_1_ENE_L17_Back to School,,,,,,23846894906930222,,,KELLOGGS'S LATAM Miami,224986184776779,24,,REACH,,,4,WATCH_MORE,,2021-02-01 04:59:03,2021-01-01 05:00:54,SHARE,AUCTION,https://ktbo.datatap.adverity.com/i/8/4787f0879b.png,https://youtu.be/ZnXM5izyVLo,,,,,,,,,,,,,,,,,,,,,,,,,,,,,,,,,,,,,,,,,,,,,,,,,,,,,,,,,,,,,,,,,,,,,,,,,,,,,,,,,,,,,,,,,,,,,,,,,,MCMMIA_2021_GTM_Kelloggs_Corporate Promotions_Seasonal_Back to School_Facebook_Facebook and Instagram_Reach_CPM_Family Breakfast_ENE_L17,MCMMIA_2021_GTM_Kelloggs_Corporate Promotions_Seasonal_Back to School_Facebook_Facebook and Instagram_Reach_CPM_Family Breakfast_ENE_L17,MCMMIA,2021,GTM,Kelloggs,Corporate Promotions,Seasonal,Back to School,Facebook,Facebook and Instagram,Reach,CPM_Family Breakfast_ENE_L17,Family breakfast,,,https://ktbo.datatap.adverity.com/i/8/4787f0879b.png,1,CPM,GT,5.7,20.96,27.816,4.88,MCMMIA_2021_GTM_Kelloggs_Corporate Promotions_Seasonal_Back to School_Facebook_Facebook and Instagram_Reach_CPM_Family Breakfast_ENE_L17,corporatepromotions,Facebook Ads Insights,Corporate Promotions,24,MCMMIA_2021_GTM_KELLOGGS_CORPORATEPROMOTIONS_SEASONAL_BACKTOSCHOOL_FACEBOOK_FACEBOOKANDINSTAGRAM_REACH_CPM_FAMILYBREAKFAST,2021-01-02,1,Mediacom,1,23846894906820222-1,,24887.998031435272,3,ktboClient
AUCTION,,23846894906820222,USD,,,,4,10,GT,0,,2021-01-02,13579,10,,13356,,Reach_P 30 - 60_Several_ENE_L17_Back to School,23846894906880222,10,1.016697,,,,,,4,2021-01-02,,MCMMIA_2021_GTM_KELLOGGS_CORPORATEPROMOTIONS_SEASONAL_BACKTOSCHOOL_FACEBOOK_FACEBOOKANDINSTAGRAM_REACH_CPM_FAMILYBREAKFAST,10,4,,1,,,10,,1,4,4,,2.66,,,10,,,1,PP_2_ENE_L17_Back to School,,1,1,,,23846894906930222,,,KELLOGGS'S LATAM Miami,224986184776779,10,,REACH,1,,4,WATCH_MORE,,2021-02-01 04:59:03,2021-01-01 05:00:54,SHARE,AUCTION,https://ktbo.datatap.adverity.com/i/8/d3bb3cd8dd.png,https://youtu.be/ZnXM5izyVLo,,,,,,,,,,,,,,,,,,,,,,,,,,,,,,,,,,,,,,,,,,,,,,,,,,,,,,,,,,,,,,,,,,,,,,,,,,,,,,,,,,,,,,,,,,,,,,,,,,MCMMIA_2021_GTM_Kelloggs_Corporate Promotions_Seasonal_Back to School_Facebook_Facebook and Instagram_Reach_CPM_Family Breakfast_ENE_L17,MCMMIA_2021_GTM_Kelloggs_Corporate Promotions_Seasonal_Back to School_Facebook_Facebook and Instagram_Reach_CPM_Family Breakfast_ENE_L17,MCMMIA,2021,GTM,Kelloggs,Corporate Promotions,Seasonal,Back to School,Facebook,Facebook and Instagram,Reach,CPM_Family Breakfast_ENE_L17,Family breakfast,,,https://ktbo.datatap.adverity.com/i/8/d3bb3cd8dd.png,1,CPM,GT,5.7,20.96,15.162,2.66,MCMMIA_2021_GTM_Kelloggs_Corporate Promotions_Seasonal_Back to School_Facebook_Facebook and Instagram_Reach_CPM_Family Breakfast_ENE_L17,corporatepromotions,Facebook Ads Insights,Corporate Promotions,9,MCMMIA_2021_GTM_KELLOGGS_CORPORATEPROMOTIONS_SEASONAL_BACKTOSCHOOL_FACEBOOK_FACEBOOKANDINSTAGRAM_REACH_CPM_FAMILYBREAKFAST,2021-01-02,1,Mediacom,1,23846894906820222-1,,13355.994952281751,3,ktboClient
AUCTION,,23846894906820222,USD,,,,,7,GT,0,,2021-01-02,349,0,7,349,,Reach_P 30 - 60_SI_ENE_L17_Back to School,23846894906890222,,1,,,,,,,2021-01-02,,MCMMIA_2021_GTM_KELLOGGS_CORPORATEPROMOTIONS_SEASONAL_BACKTOSCHOOL_FACEBOOK_FACEBOOKANDINSTAGRAM_REACH_CPM_FAMILYBREAKFAST,,0,,0,,,,,,,,,0.06,,,7,7,,,SI_3_ENE_L17_Back to School,7,,,,,23846894906940222,,,KELLOGGS'S LATAM Miami,224986184776779,7,,REACH,,,0,WATCH_MORE,,2021-02-01 04:59:03,2021-01-01 05:00:54,SHARE,AUCTION,https://ktbo.datatap.adverity.com/i/8/4e11924df9.png,https://youtu.be/ZnXM5izyVLo,,,,,,,,,,,,,,,,,,,,,,,,,,,,,,,,,,,,,,,,,,,,,,,,,,,,,,,,,,,,,,,,,,,,,,,,,,,,,,,,,,,,,,,,,,,,,,,,,,MCMMIA_2021_GTM_Kelloggs_Corporate Promotions_Seasonal_Back to School_Facebook_Facebook and Instagram_Reach_CPM_Family Breakfast_ENE_L17,MCMMIA_2021_GTM_Kelloggs_Corporate Promotions_Seasonal_Back to School_Facebook_Facebook and Instagram_Reach_CPM_Family Breakfast_ENE_L17,MCMMIA,2021,GTM,Kelloggs,Corporate Promotions,Seasonal,Back to School,Facebook,Facebook and Instagram,Reach,CPM_Family Breakfast_ENE_L17,Family breakfast,,,https://ktbo.datatap.adverity.com/i/8/4e11924df9.png,1,CPM,GT,5.7,20.96,0.34199999999999997,0.06,MCMMIA_2021_GTM_Kelloggs_Corporate Promotions_Seasonal_Back to School_Facebook_Facebook and Instagram_Reach_CPM_Family Breakfast_ENE_L17,corporatepromotions,Facebook Ads Insights,Corporate Promotions,0,MCMMIA_2021_GTM_KELLOGGS_CORPORATEPROMOTIONS_SEASONAL_BACKTOSCHOOL_FACEBOOK_FACEBOOKANDINSTAGRAM_REACH_CPM_FAMILYBREAKFAST,2021-01-02,1,Mediacom,1,23846894906820222-1,,349.0,3,ktboClient
AUCTION,,23846894906820222,USD,,,,62,390,GT,0,,2021-01-02,136399,825,,136399,,Reach_P 30 - 60_Several_ENE_L17_Back to School,23846894906900222,390,1,,,,,,62,2021-01-02,,MCMMIA_2021_GTM_KELLOGGS_CORPORATEPROMOTIONS_SEASONAL_BACKTOSCHOOL_FACEBOOK_FACEBOOKANDINSTAGRAM_REACH_CPM_FAMILYBREAKFAST,390,318,,10,,,390,,10,318,318,,26.93,,,390,,,10,PP_1_ENE_L17_Back to School,,,,,,23846894906930222,,,KELLOGGS'S LATAM Miami,224986184776779,390,,REACH,,,62,,,2021-02-01 04:59:03,2021-01-01 05:00:54,SHARE,AUCTION,https://ktbo.datatap.adverity.com/i/8/aef233d927.png,https://youtu.be/ZnXM5izyVLo,,,,,,,,,,,,,,,,,,,,,,,,,,,,,,,,,,,,,,,,,,,,,,,,,,,,,,,,,,,,,,,,,,,,,,,,,,,,,,,,,,,,,,,,,,,,,,,,,,MCMMIA_2021_GTM_Kelloggs_Corporate Promotions_Seasonal_Back to School_Facebook_Facebook and Instagram_Reach_CPM_Family Breakfast_ENE_L17,MCMMIA_2021_GTM_Kelloggs_Corporate Promotions_Seasonal_Back to School_Facebook_Facebook and Instagram_Reach_CPM_Family Breakfast_ENE_L17,MCMMIA,2021,GTM,Kelloggs,Corporate Promotions,Seasonal,Back to School,Facebook,Facebook and Instagram,Reach,CPM_Family Breakfast_ENE_L17,Family breakfast,,,https://ktbo.datatap.adverity.com/i/8/aef233d927.png,1,CPM,GT,5.7,20.96,153.501,26.93,MCMMIA_2021_GTM_Kelloggs_Corporate Promotions_Seasonal_Back to School_Facebook_Facebook and Instagram_Reach_CPM_Family Breakfast_ENE_L17,corporatepromotions,Facebook Ads Insights,Corporate Promotions,390,MCMMIA_2021_GTM_KELLOGGS_CORPORATEPROMOTIONS_SEASONAL_BACKTOSCHOOL_FACEBOOK_FACEBOOKANDINSTAGRAM_REACH_CPM_FAMILYBREAKFAST,2021-01-02,1,Mediacom,1,23846894906820222-1,,136399.0,3,ktboClient
AUCTION,,23846894906820222,USD,,,,,7,GT,0,,2021-01-02,5092,8,,4746,,Reach_P 30 - 60_Several_ENE_L17_Back to School,23846894907000222,7,1.072903,,,,,,,2021-01-02,,MCMMIA_2021_GTM_KELLOGGS_CORPORATEPROMOTIONS_SEASONAL_BACKTOSCHOOL_FACEBOOK_FACEBOOKANDINSTAGRAM_REACH_CPM_FAMILYBREAKFAST,7,7,,0,,,7,,,7,7,,0.97,,,7,,,,PP_3_ENE_L17_Back to School,,,,,,23846894906930222,,,KELLOGGS'S LATAM Miami,224986184776779,7,,REACH,,,0,,,2021-02-01 04:59:03,2021-01-01 05:00:54,SHARE,AUCTION,https://ktbo.datatap.adverity.com/i/8/ae74571873.png,https://youtu.be/ZnXM5izyVLo,,,,,,,,,,,,,,,,,,,,,,,,,,,,,,,,,,,,,,,,,,,,,,,,,,,,,,,,,,,,,,,,,,,,,,,,,,,,,,,,,,,,,,,,,,,,,,,,,,MCMMIA_2021_GTM_Kelloggs_Corporate Promotions_Seasonal_Back to School_Facebook_Facebook and Instagram_Reach_CPM_Family Breakfast_ENE_L17,MCMMIA_2021_GTM_Kelloggs_Corporate Promotions_Seasonal_Back to School_Facebook_Facebook and Instagram_Reach_CPM_Family Breakfast_ENE_L17,MCMMIA,2021,GTM,Kelloggs,Corporate Promotions,Seasonal,Back to School,Facebook,Facebook and Instagram,Reach,CPM_Family Breakfast_ENE_L17,Family breakfast,,,https://ktbo.datatap.adverity.com/i/8/ae74571873.png,1,CPM,GT,5.7,20.96,5.529,0.97,MCMMIA_2021_GTM_Kelloggs_Corporate Promotions_Seasonal_Back to School_Facebook_Facebook and Instagram_Reach_CPM_Family Breakfast_ENE_L17,corporatepromotions,Facebook Ads Insights,Corporate Promotions,7,MCMMIA_2021_GTM_KELLOGGS_CORPORATEPROMOTIONS_SEASONAL_BACKTOSCHOOL_FACEBOOK_FACEBOOKANDINSTAGRAM_REACH_CPM_FAMILYBREAKFAST,2021-01-02,1,Mediacom,1,23846894906820222-1,,4746.002201503771,3,ktboClient
AUCTION,,23846894907030222,USD,,,,,9,SV,0,,2021-01-02,732,0,9,732,,Reach_P 30 - 60_SI_ENE_L15_Back to School,23846894906920222,,1,,,,,,,2021-01-02,,MCMMIA_2021_SLV_KELLOGGS_CORPORATEPROMOTIONS_SEASONAL_BACKTOSCHOOL_FACEBOOK_FACEBOOKANDINSTAGRAM_REACH_CPM_FAMILYBREAKFAST,,0,,0,,,,,,,,,0.1,,,9,9,,,SI_3_ENE_L15_Back to School,9,,,,,23846894907050222,,,KELLOGGS'S LATAM Miami,224986184776779,9,,REACH,,,0,WATCH_MORE,,2021-02-01 04:59:03,2021-01-01 05:00:54,SHARE,AUCTION,https://ktbo.datatap.adverity.com/i/8/dde2dd7456.png,https://youtu.be/ZnXM5izyVLo,,,,,,,,,,,,,,,,,,,,,,,,,,,,,,,,,,,,,,,,,,,,,,,,,,,,,,,,,,,,,,,,,,,,,,,,,,,,,,,,,,,,,,,,,,,,,,,,,,MCMMIA_2021_SLV_Kelloggs_Corporate Promotions_Seasonal_Back to School_Facebook_Facebook and Instagram_Reach_CPM_Family Breakfast_ENE_L15,MCMMIA_2021_SLV_Kelloggs_Corporate Promotions_Seasonal_Back to School_Facebook_Facebook and Instagram_Reach_CPM_Family Breakfast_ENE_L15,MCMMIA,2021,SLV,Kelloggs,Corporate Promotions,Seasonal,Back to School,Facebook,Facebook and Instagram,Reach,CPM_Family Breakfast_ENE_L15,Family breakfast,,,https://ktbo.datatap.adverity.com/i/8/dde2dd7456.png,1,CPM,SV,5.7,20.96,0.5700000000000001,0.1,MCMMIA_2021_SLV_Kelloggs_Corporate Promotions_Seasonal_Back to School_Facebook_Facebook and Instagram_Reach_CPM_Family Breakfast_ENE_L15,corporatepromotions,Facebook Ads Insights,Corporate Promotions,0,MCMMIA_2021_SLV_KELLOGGS_CORPORATEPROMOTIONS_SEASONAL_BACKTOSCHOOL_FACEBOOK_FACEBOOKANDINSTAGRAM_REACH_CPM_FAMILYBREAKFAST,2021-01-02,1,Mediacom,1,23846894907030222-1,,732.0,3,ktboClient
AUCTION,,23846894907030222,USD,,,,,104,SV,0,,2021-01-02,4592,4,100,4590,,Reach_P 30 - 60_SI_ENE_L15_Back to School,23846894906950222,4,1.000436,,,,,,,2021-01-02,,MCMMIA_2021_SLV_KELLOGGS_CORPORATEPROMOTIONS_SEASONAL_BACKTOSCHOOL_FACEBOOK_FACEBOOKANDINSTAGRAM_REACH_CPM_FAMILYBREAKFAST,4,4,,0,,,4,,,4,4,,0.64,,,104,100,,,SI_1_ENE_L15_Back to School,100,,,,,23846894907050222,,,KELLOGGS'S LATAM Miami,224986184776779,104,,REACH,,,0,WATCH_MORE,,2021-02-01 04:59:03,2021-01-01 05:00:54,SHARE,AUCTION,https://ktbo.datatap.adverity.com/i/8/365b731120.png,https://youtu.be/ZnXM5izyVLo,,,,,,,,,,,,,,,,,,,,,,,,,,,,,,,,,,,,,,,,,,,,,,,,,,,,,,,,,,,,,,,,,,,,,,,,,,,,,,,,,,,,,,,,,,,,,,,,,,MCMMIA_2021_SLV_Kelloggs_Corporate Promotions_Seasonal_Back to School_Facebook_Facebook and Instagram_Reach_CPM_Family Breakfast_ENE_L15,MCMMIA_2021_SLV_Kelloggs_Corporate Promotions_Seasonal_Back to School_Facebook_Facebook and Instagram_Reach_CPM_Family Breakfast_ENE_L15,MCMMIA,2021,SLV,Kelloggs,Corporate Promotions,Seasonal,Back to School,Facebook,Facebook and Instagram,Reach,CPM_Family Breakfast_ENE_L15,Family breakfast,,,https://ktbo.datatap.adverity.com/i/8/365b731120.png,1,CPM,SV,5.7,20.96,3.648,0.64,MCMMIA_2021_SLV_Kelloggs_Corporate Promotions_Seasonal_Back to School_Facebook_Facebook and Instagram_Reach_CPM_Family Breakfast_ENE_L15,corporatepromotions,Facebook Ads Insights,Corporate Promotions,4,MCMMIA_2021_SLV_KELLOGGS_CORPORATEPROMOTIONS_SEASONAL_BACKTOSCHOOL_FACEBOOK_FACEBOOKANDINSTAGRAM_REACH_CPM_FAMILYBREAKFAST,2021-01-02,1,Mediacom,1,23846894907030222-1,,4589.998760540404,3,ktboClient
AUCTION,,23846894907030222,USD,,,,19,136,SV,0,,2021-01-02,63597,255,,62064,,Reach_P 30 - 60_Several_ENE_L15_Back to School,23846894906960222,136,1.0247,,,,,,19,2021-01-02,,MCMMIA_2021_SLV_KELLOGGS_CORPORATEPROMOTIONS_SEASONAL_BACKTOSCHOOL_FACEBOOK_FACEBOOKANDINSTAGRAM_REACH_CPM_FAMILYBREAKFAST,136,115,,2,,,136,,2,115,115,,9.3,,,136,,,2,PP_1_ENE_L15_Back to School,,,,,,23846894907110222,,,KELLOGGS'S LATAM Miami,224986184776779,136,,REACH,,,19,,,2021-02-01 04:59:03,2021-01-01 05:00:54,SHARE,AUCTION,https://ktbo.datatap.adverity.com/i/8/d453323552.png,https://youtu.be/ZnXM5izyVLo,,,,,,,,,,,,,,,,,,,,,,,,,,,,,,,,,,,,,,,,,,,,,,,,,,,,,,,,,,,,,,,,,,,,,,,,,,,,,,,,,,,,,,,,,,,,,,,,,,MCMMIA_2021_SLV_Kelloggs_Corporate Promotions_Seasonal_Back to School_Facebook_Facebook and Instagram_Reach_CPM_Family Breakfast_ENE_L15,MCMMIA_2021_SLV_Kelloggs_Corporate Promotions_Seasonal_Back to School_Facebook_Facebook and Instagram_Reach_CPM_Family Breakfast_ENE_L15,MCMMIA,2021,SLV,Kelloggs,Corporate Promotions,Seasonal,Back to School,Facebook,Facebook and Instagram,Reach,CPM_Family Breakfast_ENE_L15,Family breakfast,,,https://ktbo.datatap.adverity.com/i/8/d453323552.png,1,CPM,SV,5.7,20.96,53.010000000000005,9.3,MCMMIA_2021_SLV_Kelloggs_Corporate Promotions_Seasonal_Back to School_Facebook_Facebook and Instagram_Reach_CPM_Family Breakfast_ENE_L15,corporatepromotions,Facebook Ads Insights,Corporate Promotions,136,MCMMIA_2021_SLV_KELLOGGS_CORPORATEPROMOTIONS_SEASONAL_BACKTOSCHOOL_FACEBOOK_FACEBOOKANDINSTAGRAM_REACH_CPM_FAMILYBREAKFAST,2021-01-02,1,Mediacom,1,23846894907030222-1,,62064.01873719138,3,ktboClient
AUCTION,,23846894907030222,USD,,,,,308,SV,0,,2021-01-02,9522,6,305,9522,,Reach_P 30 - 60_SI_ENE_L15_Back to School,23846894906970222,3,1,,,,,,,2021-01-02,,MCMMIA_2021_SLV_KELLOGGS_CORPORATEPROMOTIONS_SEASONAL_BACKTOSCHOOL_FACEBOOK_FACEBOOKANDINSTAGRAM_REACH_CPM_FAMILYBREAKFAST,3,3,,0,,,3,,,3,3,,1.32,,,308,305,,,SI_2_ENE_L15_Back to School,305,,,,,23846894907050222,,,KELLOGGS'S LATAM Miami,224986184776779,308,,REACH,,,0,WATCH_MORE,,2021-02-01 04:59:03,2021-01-01 05:00:54,SHARE,AUCTION,https://ktbo.datatap.adverity.com/i/8/89f30e27ab.png,https://youtu.be/ZnXM5izyVLo,,,,,,,,,,,,,,,,,,,,,,,,,,,,,,,,,,,,,,,,,,,,,,,,,,,,,,,,,,,,,,,,,,,,,,,,,,,,,,,,,,,,,,,,,,,,,,,,,,MCMMIA_2021_SLV_Kelloggs_Corporate Promotions_Seasonal_Back to School_Facebook_Facebook and Instagram_Reach_CPM_Family Breakfast_ENE_L15,MCMMIA_2021_SLV_Kelloggs_Corporate Promotions_Seasonal_Back to School_Facebook_Facebook and Instagram_Reach_CPM_Family Breakfast_ENE_L15,MCMMIA,2021,SLV,Kelloggs,Corporate Promotions,Seasonal,Back to School,Facebook,Facebook and Instagram,Reach,CPM_Family Breakfast_ENE_L15,Family breakfast,,,https://ktbo.datatap.adverity.com/i/8/89f30e27ab.png,1,CPM,SV,5.7,20.96,7.524000000000001,1.32,MCMMIA_2021_SLV_Kelloggs_Corporate Promotions_Seasonal_Back to School_Facebook_Facebook and Instagram_Reach_CPM_Family Breakfast_ENE_L15,corporatepromotions,Facebook Ads Insights,Corporate Promotions,3,MCMMIA_2021_SLV_KELLOGGS_CORPORATEPROMOTIONS_SEASONAL_BACKTOSCHOOL_FACEBOOK_FACEBOOKANDINSTAGRAM_REACH_CPM_FAMILYBREAKFAST,2021-01-02,1,Mediacom,1,23846894907030222-1,,9522.0,3,ktboClient
AUCTION,,23846894907030222,USD,,,,2,14,SV,0,,2021-01-02,19961,23,,19816,,Reach_P 30 - 60_Several_ENE_L15_Back to School,23846894906980222,14,1.007317,,,,,,2,2021-01-02,,MCMMIA_2021_SLV_KELLOGGS_CORPORATEPROMOTIONS_SEASONAL_BACKTOSCHOOL_FACEBOOK_FACEBOOKANDINSTAGRAM_REACH_CPM_FAMILYBREAKFAST,14,12,,0,,,14,,,12,12,,2.88,,,14,,,,MP_ENE_L15_Back to School,,,,,,23846894907110222,,,KELLOGGS'S LATAM Miami,224986184776779,14,,REACH,,,2,WATCH_MORE,,2021-02-01 04:59:03,2021-01-01 05:00:54,SHARE,AUCTION,https://ktbo.datatap.adverity.com/i/8/1ef6dc9364.png,https://youtu.be/ZnXM5izyVLo,,,,,,,,,,,,,,,,,,,,,,,,,,,,,,,,,,,,,,,,,,,,,,,,,,,,,,,,,,,,,,,,,,,,,,,,,,,,,,,,,,,,,,,,,,,,,,,,,,MCMMIA_2021_SLV_Kelloggs_Corporate Promotions_Seasonal_Back to School_Facebook_Facebook and Instagram_Reach_CPM_Family Breakfast_ENE_L15,MCMMIA_2021_SLV_Kelloggs_Corporate Promotions_Seasonal_Back to School_Facebook_Facebook and Instagram_Reach_CPM_Family Breakfast_ENE_L15,MCMMIA,2021,SLV,Kelloggs,Corporate Promotions,Seasonal,Back to School,Facebook,Facebook and Instagram,Reach,CPM_Family Breakfast_ENE_L15,Family breakfast,,,https://ktbo.datatap.adverity.com/i/8/1ef6dc9364.png,1,CPM,SV,5.7,20.96,16.416,2.88,MCMMIA_2021_SLV_Kelloggs_Corporate Promotions_Seasonal_Back to School_Facebook_Facebook and Instagram_Reach_CPM_Family Breakfast_ENE_L15,corporatepromotions,Facebook Ads Insights,Corporate Promotions,14,MCMMIA_2021_SLV_KELLOGGS_CORPORATEPROMOTIONS_SEASONAL_BACKTOSCHOOL_FACEBOOK_FACEBOOKANDINSTAGRAM_REACH_CPM_FAMILYBREAKFAST,2021-01-02,1,Mediacom,1,23846894907030222-1,,19816.006282034356,3,ktboClient
AUCTION,,23846894907030222,USD,,,,2,9,SV,0,,2021-01-02,4953,11,,4862,,Reach_P 30 - 60_Several_ENE_L15_Back to School,23846894906990222,9,1.018717,,,,,,2,2021-01-02,,MCMMIA_2021_SLV_KELLOGGS_CORPORATEPROMOTIONS_SEASONAL_BACKTOSCHOOL_FACEBOOK_FACEBOOKANDINSTAGRAM_REACH_CPM_FAMILYBREAKFAST,9,6,,1,,,9,,1,6,6,,0.7,,,9,,,1,PP_2_ENE_L15_Back to School,,,,,,23846894907110222,,,KELLOGGS'S LATAM Miami,224986184776779,9,,REACH,,,2,WATCH_MORE,,2021-02-01 04:59:03,2021-01-01 05:00:54,SHARE,AUCTION,https://ktbo.datatap.adverity.com/i/8/a5a3324938.png,https://youtu.be/ZnXM5izyVLo,,,,,,,,,,,,,,,,,,,,,,,,,,,,,,,,,,,,,,,,,,,,,,,,,,,,,,,,,,,,,,,,,,,,,,,,,,,,,,,,,,,,,,,,,,,,,,,,,,MCMMIA_2021_SLV_Kelloggs_Corporate Promotions_Seasonal_Back to School_Facebook_Facebook and Instagram_Reach_CPM_Family Breakfast_ENE_L15,MCMMIA_2021_SLV_Kelloggs_Corporate Promotions_Seasonal_Back to School_Facebook_Facebook and Instagram_Reach_CPM_Family Breakfast_ENE_L15,MCMMIA,2021,SLV,Kelloggs,Corporate Promotions,Seasonal,Back to School,Facebook,Facebook and Instagram,Reach,CPM_Family Breakfast_ENE_L15,Family breakfast,,,https://ktbo.datatap.adverity.com/i/8/a5a3324938.png,1,CPM,SV,5.7,20.96,3.9899999999999998,0.7,MCMMIA_2021_SLV_Kelloggs_Corporate Promotions_Seasonal_Back to School_Facebook_Facebook and Instagram_Reach_CPM_Family Breakfast_ENE_L15,corporatepromotions,Facebook Ads Insights,Corporate Promotions,9,MCMMIA_2021_SLV_KELLOGGS_CORPORATEPROMOTIONS_SEASONAL_BACKTOSCHOOL_FACEBOOK_FACEBOOKANDINSTAGRAM_REACH_CPM_FAMILYBREAKFAST,2021-01-02,1,Mediacom,1,23846894907030222-1,,4861.997983738369,3,ktboClient
AUCTION,302,23846894907030222,USD,57,89,430,14,466,SV,1,172,2021-01-02,100235,462,,97393,261,Reach_P 30 - 60_PPV_ENE_L15_Back to School,23846894907010222,466,1.029181,33,1,172,5,4259,14,2021-01-02,33,MCMMIA_2021_SLV_KELLOGGS_CORPORATEPROMOTIONS_SEASONAL_BACKTOSCHOOL_FACEBOOK_FACEBOOKANDINSTAGRAM_REACH_CPM_FAMILYBREAKFAST,4423,148,271,1,1698,33,466,5,1,148,148,89,14.07,49,1,4423,,364,1,PPV_ENE_L15_Back to School,,,,33,1,23846894907070222,640,302,KELLOGGS'S LATAM Miami,224986184776779,466,57,REACH,,49,14,WATCH_MORE,,2021-02-01 04:59:03,2021-01-01 05:00:54,VIDEO,AUCTION,https://ktbo.datatap.adverity.com/i/8/b5ffde7ac3.png,https://youtu.be/ZnXM5izyVLo,,,,,,,,,,,,,,,,,,,,,,,,,,,,,,,,,,,,,,,,,,,,,,,,,,,,,,,,,,,,,,,,,,,,,,,,,,,,,,,,,,,,,,,,,,,,,,,,,,MCMMIA_2021_SLV_Kelloggs_Corporate Promotions_Seasonal_Back to School_Facebook_Facebook and Instagram_Reach_CPM_Family Breakfast_ENE_L15,MCMMIA_2021_SLV_Kelloggs_Corporate Promotions_Seasonal_Back to School_Facebook_Facebook and Instagram_Reach_CPM_Family Breakfast_ENE_L15,MCMMIA,2021,SLV,Kelloggs,Corporate Promotions,Seasonal,Back to School,Facebook,Facebook and Instagram,Reach,CPM_Family Breakfast_ENE_L15,Family breakfast,1698,1698,https://ktbo.datatap.adverity.com/i/8/b5ffde7ac3.png,1,CPM,SV,5.7,20.96,80.199,14.07,MCMMIA_2021_SLV_Kelloggs_Corporate Promotions_Seasonal_Back to School_Facebook_Facebook and Instagram_Reach_CPM_Family Breakfast_ENE_L15,corporatepromotions,Facebook Ads Insights,Corporate Promotions,164,MCMMIA_2021_SLV_KELLOGGS_CORPORATEPROMOTIONS_SEASONAL_BACKTOSCHOOL_FACEBOOK_FACEBOOKANDINSTAGRAM_REACH_CPM_FAMILYBREAKFAST,2021-01-02,1,Mediacom,1,23846894907030222-1,,97392.97557961137,3,ktboClient
AUCTION,,23846894907030222,USD,,,,1,15,SV,1,,2021-01-02,6048,17,,5660,,Reach_P 30 - 60_Several_ENE_L15_Back to School,23846894907020222,15,1.068551,,1,,,,1,2021-01-02,,MCMMIA_2021_SLV_KELLOGGS_CORPORATEPROMOTIONS_SEASONAL_BACKTOSCHOOL_FACEBOOK_FACEBOOKANDINSTAGRAM_REACH_CPM_FAMILYBREAKFAST,15,13,,0,,,15,,,13,13,,0.85,,,15,,,,PP_3_ENE_L15_Back to School,,,,,1,23846894907110222,,,KELLOGGS'S LATAM Miami,224986184776779,15,,REACH,,,1,,,2021-02-01 04:59:03,2021-01-01 05:00:54,SHARE,AUCTION,https://ktbo.datatap.adverity.com/i/8/44fa2a1a87.png,https://youtu.be/ZnXM5izyVLo,,,,,,,,,,,,,,,,,,,,,,,,,,,,,,,,,,,,,,,,,,,,,,,,,,,,,,,,,,,,,,,,,,,,,,,,,,,,,,,,,,,,,,,,,,,,,,,,,,MCMMIA_2021_SLV_Kelloggs_Corporate Promotions_Seasonal_Back to School_Facebook_Facebook and Instagram_Reach_CPM_Family Breakfast_ENE_L15,MCMMIA_2021_SLV_Kelloggs_Corporate Promotions_Seasonal_Back to School_Facebook_Facebook and Instagram_Reach_CPM_Family Breakfast_ENE_L15,MCMMIA,2021,SLV,Kelloggs,Corporate Promotions,Seasonal,Back to School,Facebook,Facebook and Instagram,Reach,CPM_Family Breakfast_ENE_L15,Family breakfast,,,https://ktbo.datatap.adverity.com/i/8/44fa2a1a87.png,1,CPM,SV,5.7,20.96,4.845,0.85,MCMMIA_2021_SLV_Kelloggs_Corporate Promotions_Seasonal_Back to School_Facebook_Facebook and Instagram_Reach_CPM_Family Breakfast_ENE_L15,corporatepromotions,Facebook Ads Insights,Corporate Promotions,15,MCMMIA_2021_SLV_KELLOGGS_CORPORATEPROMOTIONS_SEASONAL_BACKTOSCHOOL_FACEBOOK_FACEBOOKANDINSTAGRAM_REACH_CPM_FAMILYBREAKFAST,2021-01-02,1,Mediacom,1,23846894907030222-1,,5660.001254034669,3,ktboClient
